Monat;Ort;Temperatur;Niederschlag
Januar;Hamburg;2,4;64
Januar;München;-1,2;48
Januar;Köln;3,1;58
Februar;Hamburg;2,8;45
Februar;München;0,3;41
Februar;Köln;3,6;44
März;Hamburg;5,1;52
März;München;4,4;56
März;Köln;6,2;60
April;Hamburg;8,7;41
April;München;8,9;62
April;Köln;9,8;51
Mai;Hamburg;12,9;55
Mai;München;13,4;96
Mai;Köln;14,1;70
Juni;Hamburg;15,8;72
Juni;München;16,5;118
Juni;Köln;17,2;88
Juli;Hamburg;17,6;79
Juli;München;18,2;110
Juli;Köln;19,1;87
August;Hamburg;17,4;76
August;München;17,8;104
August;Köln;18,6;80
September;Hamburg;14,2;68
September;München;13,9;75
September;Köln;15,1;66
Oktober;Hamburg;10,1;63
Oktober;München;9,2;58
Oktober;Köln;11,0;61
November;Hamburg;6,0;68
November;München;3,9;56
November;Köln;6,8;65
Dezember;Hamburg;3,3;71
Dezember;München;0,4;62
Dezember;Köln;4,1;69
